Group,Post,Pre,Delta,Pct_Change
Control,0.722569,0.641389,0.081181,12.656994
Test,0.840278,0.675926,0.164352,24.315068
